ID,lat,lon,ele,time,magvar,geoidheight,name,cmt,desc
19,45.990813039243221,-89.086292004212737,529.709166999999979,2020-05-23T22:19:01Z,NA,NA,108,NA,",,""Flag, Blue"",""user"",,,,,,,,,,,SymbolAndName,,,2020-05-23T22:19:01Z,"
20,24.45564896799624,-81.905502984300256,0,2021-09-02T11:27:17Z,NA,NA,1201,"<html xmlns:fo=http://www.w3.org/1999/XSL/Format xmlns:msxsl=urn:schemas-microsoft-com:xslt>

<head>

<META http-equiv=Content-Type content=text/html>

<meta http-equiv=content-type content=text/html; charset=UTF-8>

</head>

<body style=margin:0px 0px 0px 0px;overflow:auto;background:#FFFFFF;>

<table style=font-family:Arial","Verdana,Times;font-size:12px;text-align:left;width:100%;border-collapse:collapse;padding:3px 3px 3px 3px"">"
21,24.56683399155736,-81.328606009483337,0,2021-09-02T11:27:17Z,NA,NA,1213,"<html xmlns:fo=http://www.w3.org/1999/XSL/Format xmlns:msxsl=urn:schemas-microsoft-com:xslt>

<head>

<META http-equiv=Content-Type content=text/html>

<meta http-equiv=content-type content=text/html; charset=UTF-8>

</head>

<body style=margin:0px 0px 0px 0px;overflow:auto;background:#FFFFFF;>

<table style=font-family:Arial","Verdana,Times;font-size:12px;text-align:left;width:100%;border-collapse:collapse;padding:3px 3px 3px 3px"">"
22,24.457357032224536,-81.921793967485428,0,2021-09-02T11:27:17Z,NA,NA,1215,"<html xmlns:fo=http://www.w3.org/1999/XSL/Format xmlns:msxsl=urn:schemas-microsoft-com:xslt>

<head>

<META http-equiv=Content-Type content=text/html>

<meta http-equiv=content-type content=text/html; charset=UTF-8>

</head>

<body style=margin:0px 0px 0px 0px;overflow:auto;background:#FFFFFF;>

<table style=font-family:Arial","Verdana,Times;font-size:12px;text-align:left;width:100%;border-collapse:collapse;padding:3px 3px 3px 3px"">"
23,24.600847000256181,-81.254115030169487,0,2021-09-02T11:27:17Z,NA,NA,1218,"<html xmlns:fo=http://www.w3.org/1999/XSL/Format xmlns:msxsl=urn:schemas-microsoft-com:xslt>

<head>

<META http-equiv=Content-Type content=text/html>

<meta http-equiv=content-type content=text/html; charset=UTF-8>

</head>

<body style=margin:0px 0px 0px 0px;overflow:auto;background:#FFFFFF;>

<table style=font-family:Arial","Verdana,Times;font-size:12px;text-align:left;width:100%;border-collapse:collapse;padding:3px 3px 3px 3px"">"
24,25.100661981850863,-80.303522972390056,0,2021-09-02T11:27:17Z,NA,NA,1231,"<html xmlns:fo=http://www.w3.org/1999/XSL/Format xmlns:msxsl=urn:schemas-microsoft-com:xslt>

<head>

<META http-equiv=Content-Type content=text/html>

<meta http-equiv=content-type content=text/html; charset=UTF-8>

</head>

<body style=margin:0px 0px 0px 0px;overflow:auto;background:#FFFFFF;>

<table style=font-family:Arial","Verdana,Times;font-size:12px;text-align:left;width:100%;border-collapse:collapse;padding:3px 3px 3px 3px"">"
25,25.165000967681408,-80.256522037088871,0,2021-09-02T11:27:17Z,NA,NA,1232,"<html xmlns:fo=http://www.w3.org/1999/XSL/Format xmlns:msxsl=urn:schemas-microsoft-com:xslt>

<head>

<META http-equiv=Content-Type content=text/html>

<meta http-equiv=content-type content=text/html; charset=UTF-8>

</head>

<body style=margin:0px 0px 0px 0px;overflow:auto;background:#FFFFFF;>

<table style=font-family:Arial","Verdana,Times;font-size:12px;text-align:left;width:100%;border-collapse:collapse;padding:3px 3px 3px 3px"">"
26,24.583683963865042,-81.25556199811399,0,2021-09-02T11:27:17Z,NA,NA,1255,"<html xmlns:fo=http://www.w3.org/1999/XSL/Format xmlns:msxsl=urn:schemas-microsoft-com:xslt>

<head>

<META http-equiv=Content-Type content=text/html>

<meta http-equiv=content-type content=text/html; charset=UTF-8>

</head>

<body style=margin:0px 0px 0px 0px;overflow:auto;background:#FFFFFF;>

<table style=font-family:Arial","Verdana,Times;font-size:12px;text-align:left;width:100%;border-collapse:collapse;padding:3px 3px 3px 3px"">"
27,25.264428025111556,-80.188388982787728,0,2021-09-02T11:27:17Z,NA,NA,1263,"<html xmlns:fo=http://www.w3.org/1999/XSL/Format xmlns:msxsl=urn:schemas-microsoft-com:xslt>

<head>

<META http-equiv=Content-Type content=text/html>

<meta http-equiv=content-type content=text/html; charset=UTF-8>

</head>

<body style=margin:0px 0px 0px 0px;overflow:auto;background:#FFFFFF;>

<table style=font-family:Arial","Verdana,Times;font-size:12px;text-align:left;width:100%;border-collapse:collapse;padding:3px 3px 3px 3px"">"
28,25.136587992310524,-80.263141980394721,0,2021-09-02T11:27:17Z,NA,NA,1296,"<html xmlns:fo=http://www.w3.org/1999/XSL/Format xmlns:msxsl=urn:schemas-microsoft-com:xslt>

<head>

<META http-equiv=Content-Type content=text/html>

<meta http-equiv=content-type content=text/html; charset=UTF-8>

</head>

<body style=margin:0px 0px 0px 0px;overflow:auto;background:#FFFFFF;>

<table style=font-family:Arial","Verdana,Times;font-size:12px;text-align:left;width:100%;border-collapse:collapse;padding:3px 3px 3px 3px"">"
29,25.161078991368413,-80.285319993272424,0,2021-09-02T11:27:17Z,NA,NA,1298,"<html xmlns:fo=http://www.w3.org/1999/XSL/Format xmlns:msxsl=urn:schemas-microsoft-com:xslt>

<head>

<META http-equiv=Content-Type content=text/html>

<meta http-equiv=content-type content=text/html; charset=UTF-8>

</head>

<body style=margin:0px 0px 0px 0px;overflow:auto;background:#FFFFFF;>

<table style=font-family:Arial","Verdana,Times;font-size:12px;text-align:left;width:100%;border-collapse:collapse;padding:3px 3px 3px 3px"">"
30,25.068501960486174,-80.382950976490974,1.744776,2022-05-08T02:15:05Z,NA,NA,132,NA,",,""Flag, Blue"",""user"",,,,,,,,,,,SymbolAndName,,,2022-05-08T02:15:05Z,"
31,25.013783974573016,-80.374166993424296,0.5654,2022-05-12T01:09:45Z,NA,NA,133,NA,",,""Flag, Blue"",""user"",,,,,,,,,,,SymbolAndName,,,2022-05-12T01:09:45Z,"
32,25.013707028701901,-80.374587010592222,0.692393,2022-05-12T01:11:03Z,NA,NA,134,NA,",,""Flag, Blue"",""user"",,,,,,,,,,,SymbolAndName,,,2022-05-12T01:11:03Z,"
33,25.013608038425446,-80.374354999512434,2.066936,2022-05-12T01:15:07Z,NA,NA,135,NA,",,""Flag, Blue"",""user"",,,,,,,,,,,SymbolAndName,,,2022-05-12T01:15:07Z,"
34,25.01392001286149,-80.374442003667355,2.153322,2022-05-12T01:16:01Z,NA,NA,136,NA,",,""Flag, Blue"",""user"",,,,,,,,,,,SymbolAndName,,,2022-05-12T01:16:01Z,"
35,24.631576985120773,-81.239850958809257,0,2021-09-02T11:27:17Z,NA,NA,1361,"<html xmlns:fo=http://www.w3.org/1999/XSL/Format xmlns:msxsl=urn:schemas-microsoft-com:xslt>

<head>

<META http-equiv=Content-Type content=text/html>

<meta http-equiv=content-type content=text/html; charset=UTF-8>

</head>

<body style=margin:0px 0px 0px 0px;overflow:auto;background:#FFFFFF;>

<table style=font-family:Arial","Verdana,Times;font-size:12px;text-align:left;width:100%;border-collapse:collapse;padding:3px 3px 3px 3px"">"
36,25.123361013829708,-80.407468965277076,-1.437197,2022-05-21T20:49:44Z,NA,NA,137,NA,",,""Flag, Blue"",""user"",,,,,,,,,,,SymbolAndName,,,2022-05-21T20:49:44Z,"
37,25.123377023264766,-80.407467037439346,1.11272,2022-05-21T20:49:46Z,NA,NA,138,NA,",,""Flag, Blue"",""user"",,,,,,,,,,,SymbolAndName,,,2022-05-21T20:49:46Z,"
38,24.458739040419459,-81.917363964021206,0,2021-09-02T11:27:17Z,NA,NA,1394,"<html xmlns:fo=http://www.w3.org/1999/XSL/Format xmlns:msxsl=urn:schemas-microsoft-com:xslt>

<head>

<META http-equiv=Content-Type content=text/html>

<meta http-equiv=content-type content=text/html; charset=UTF-8>

</head>

<body style=margin:0px 0px 0px 0px;overflow:auto;background:#FFFFFF;>

<table style=font-family:Arial","Verdana,Times;font-size:12px;text-align:left;width:100%;border-collapse:collapse;padding:3px 3px 3px 3px"">"
39,24.460553973913193,-81.915896963328123,0,2021-09-02T11:27:17Z,NA,NA,1409,"<html xmlns:fo=http://www.w3.org/1999/XSL/Format xmlns:msxsl=urn:schemas-microsoft-com:xslt>

<head>

<META http-equiv=Content-Type content=text/html>

<meta http-equiv=content-type content=text/html; charset=UTF-8>

</head>

<body style=margin:0px 0px 0px 0px;overflow:auto;background:#FFFFFF;>

<table style=font-family:Arial","Verdana,Times;font-size:12px;text-align:left;width:100%;border-collapse:collapse;padding:3px 3px 3px 3px"">"
40,24.44643197581172,-81.936018979176879,0,2021-09-02T11:27:17Z,NA,NA,1410,"<html xmlns:fo=http://www.w3.org/1999/XSL/Format xmlns:msxsl=urn:schemas-microsoft-com:xslt>

<head>

<META http-equiv=Content-Type content=text/html>

<meta http-equiv=content-type content=text/html; charset=UTF-8>

</head>

<body style=margin:0px 0px 0px 0px;overflow:auto;background:#FFFFFF;>

<table style=font-family:Arial","Verdana,Times;font-size:12px;text-align:left;width:100%;border-collapse:collapse;padding:3px 3px 3px 3px"">"
41,25.231326967477798,-80.247184010222554,0,2021-09-02T11:27:17Z,NA,NA,1427,"<html xmlns:fo=http://www.w3.org/1999/XSL/Format xmlns:msxsl=urn:schemas-microsoft-com:xslt>

<head>

<META http-equiv=Content-Type content=text/html>

<meta http-equiv=content-type content=text/html; charset=UTF-8>

</head>

<body style=margin:0px 0px 0px 0px;overflow:auto;background:#FFFFFF;>

<table style=font-family:Arial","Verdana,Times;font-size:12px;text-align:left;width:100%;border-collapse:collapse;padding:3px 3px 3px 3px"">"
42,25.182130979374051,-80.250959973782301,0,2021-09-02T11:27:17Z,NA,NA,1429,"<html xmlns:fo=http://www.w3.org/1999/XSL/Format xmlns:msxsl=urn:schemas-microsoft-com:xslt>

<head>

<META http-equiv=Content-Type content=text/html>

<meta http-equiv=content-type content=text/html; charset=UTF-8>

</head>

<body style=margin:0px 0px 0px 0px;overflow:auto;background:#FFFFFF;>

<table style=font-family:Arial","Verdana,Times;font-size:12px;text-align:left;width:100%;border-collapse:collapse;padding:3px 3px 3px 3px"">"
43,24.454956036061049,-81.94496096111834,0,2021-09-02T11:27:17Z,NA,NA,2206,"<html xmlns:fo=http://www.w3.org/1999/XSL/Format xmlns:msxsl=urn:schemas-microsoft-com:xslt>

<head>

<META http-equiv=Content-Type content=text/html>

<meta http-equiv=content-type content=text/html; charset=UTF-8>

</head>

<body style=margin:0px 0px 0px 0px;overflow:auto;background:#FFFFFF;>

<table style=font-family:Arial","Verdana,Times;font-size:12px;text-align:left;width:100%;border-collapse:collapse;padding:3px 3px 3px 3px"">"
44,24.60402499884367,-81.243749968707561,0,2021-09-02T11:27:17Z,NA,NA,2216,"<html xmlns:fo=http://www.w3.org/1999/XSL/Format xmlns:msxsl=urn:schemas-microsoft-com:xslt>

<head>

<META http-equiv=Content-Type content=text/html>

<meta http-equiv=content-type content=text/html; charset=UTF-8>

</head>

<body style=margin:0px 0px 0px 0px;overflow:auto;background:#FFFFFF;>

<table style=font-family:Arial","Verdana,Times;font-size:12px;text-align:left;width:100%;border-collapse:collapse;padding:3px 3px 3px 3px"">"
45,24.585466962307692,-81.269393982365727,0,2021-09-02T11:27:17Z,NA,NA,2222,"<html xmlns:fo=http://www.w3.org/1999/XSL/Format xmlns:msxsl=urn:schemas-microsoft-com:xslt>

<head>

<META http-equiv=Content-Type content=text/html>

<meta http-equiv=content-type content=text/html; charset=UTF-8>

</head>

<body style=margin:0px 0px 0px 0px;overflow:auto;background:#FFFFFF;>

<table style=font-family:Arial","Verdana,Times;font-size:12px;text-align:left;width:100%;border-collapse:collapse;padding:3px 3px 3px 3px"">"
46,25.0872060097754,-80.322935963049531,0,2021-09-02T11:27:17Z,NA,NA,2226,"<html xmlns:fo=http://www.w3.org/1999/XSL/Format xmlns:msxsl=urn:schemas-microsoft-com:xslt>

<head>

<META http-equiv=Content-Type content=text/html>

<meta http-equiv=content-type content=text/html; charset=UTF-8>

</head>

<body style=margin:0px 0px 0px 0px;overflow:auto;background:#FFFFFF;>

<table style=font-family:Arial","Verdana,Times;font-size:12px;text-align:left;width:100%;border-collapse:collapse;padding:3px 3px 3px 3px"">"
47,25.084879025816917,-80.308075016364455,0,2021-09-02T11:27:17Z,NA,NA,2228,"<html xmlns:fo=http://www.w3.org/1999/XSL/Format xmlns:msxsl=urn:schemas-microsoft-com:xslt>

<head>

<META http-equiv=Content-Type content=text/html>

<meta http-equiv=content-type content=text/html; charset=UTF-8>

</head>

<body style=margin:0px 0px 0px 0px;overflow:auto;background:#FFFFFF;>

<table style=font-family:Arial","Verdana,Times;font-size:12px;text-align:left;width:100%;border-collapse:collapse;padding:3px 3px 3px 3px"">"
48,25.126300966367126,-80.283042965456843,0,2021-09-02T11:27:17Z,NA,NA,2232,"<html xmlns:fo=http://www.w3.org/1999/XSL/Format xmlns:msxsl=urn:schemas-microsoft-com:xslt>

<head>

<META http-equiv=Content-Type content=text/html>

<meta http-equiv=content-type content=text/html; charset=UTF-8>

</head>

<body style=margin:0px 0px 0px 0px;overflow:auto;background:#FFFFFF;>

<table style=font-family:Arial","Verdana,Times;font-size:12px;text-align:left;width:100%;border-collapse:collapse;padding:3px 3px 3px 3px"">"
49,24.449365977197886,-81.89904497936368,0,2021-09-02T11:27:17Z,NA,NA,2239,"<html xmlns:fo=http://www.w3.org/1999/XSL/Format xmlns:msxsl=urn:schemas-microsoft-com:xslt>

<head>

<META http-equiv=Content-Type content=text/html>

<meta http-equiv=content-type content=text/html; charset=UTF-8>

</head>

<body style=margin:0px 0px 0px 0px;overflow:auto;background:#FFFFFF;>

<table style=font-family:Arial","Verdana,Times;font-size:12px;text-align:left;width:100%;border-collapse:collapse;padding:3px 3px 3px 3px"">"
50,24.434708040207624,-81.933466019108891,0,2021-09-02T11:27:17Z,NA,NA,2240,"<html xmlns:fo=http://www.w3.org/1999/XSL/Format xmlns:msxsl=urn:schemas-microsoft-com:xslt>

<head>

<META http-equiv=Content-Type content=text/html>

<meta http-equiv=content-type content=text/html; charset=UTF-8>

</head>

<body style=margin:0px 0px 0px 0px;overflow:auto;background:#FFFFFF;>

<table style=font-family:Arial","Verdana,Times;font-size:12px;text-align:left;width:100%;border-collapse:collapse;padding:3px 3px 3px 3px"">"
51,24.570492021739483,-81.307383030653,0,2021-09-02T11:27:17Z,NA,NA,2261,"<html xmlns:fo=http://www.w3.org/1999/XSL/Format xmlns:msxsl=urn:schemas-microsoft-com:xslt>

<head>

<META http-equiv=Content-Type content=text/html>

<meta http-equiv=content-type content=text/html; charset=UTF-8>

</head>

<body style=margin:0px 0px 0px 0px;overflow:auto;background:#FFFFFF;>

<table style=font-family:Arial","Verdana,Times;font-size:12px;text-align:left;width:100%;border-collapse:collapse;padding:3px 3px 3px 3px"">"
52,25.226609967648983,-80.208494989201427,0,2021-09-02T11:27:17Z,NA,NA,2297,"<html xmlns:fo=http://www.w3.org/1999/XSL/Format xmlns:msxsl=urn:schemas-microsoft-com:xslt>

<head>

<META http-equiv=Content-Type content=text/html>

<meta http-equiv=content-type content=text/html; charset=UTF-8>

</head>

<body style=margin:0px 0px 0px 0px;overflow:auto;background:#FFFFFF;>

<table style=font-family:Arial","Verdana,Times;font-size:12px;text-align:left;width:100%;border-collapse:collapse;padding:3px 3px 3px 3px"">"
53,25.136265037581325,-80.289432993158698,0,2021-09-02T11:27:17Z,NA,NA,2298,"<html xmlns:fo=http://www.w3.org/1999/XSL/Format xmlns:msxsl=urn:schemas-microsoft-com:xslt>

<head>

<META http-equiv=Content-Type content=text/html>

<meta http-equiv=content-type content=text/html; charset=UTF-8>

</head>

<body style=margin:0px 0px 0px 0px;overflow:auto;background:#FFFFFF;>

<table style=font-family:Arial","Verdana,Times;font-size:12px;text-align:left;width:100%;border-collapse:collapse;padding:3px 3px 3px 3px"">"
54,24.628860997036099,-81.243797997012734,0,2021-09-02T11:27:17Z,NA,NA,2361,"<html xmlns:fo=http://www.w3.org/1999/XSL/Format xmlns:msxsl=urn:schemas-microsoft-com:xslt>

<head>

<META http-equiv=Content-Type content=text/html>

<meta http-equiv=content-type content=text/html; charset=UTF-8>

</head>

<body style=margin:0px 0px 0px 0px;overflow:auto;background:#FFFFFF;>

<table style=font-family:Arial","Verdana,Times;font-size:12px;text-align:left;width:100%;border-collapse:collapse;padding:3px 3px 3px 3px"">"
55,24.460563026368618,-81.914416970685124,0,2021-09-02T11:27:17Z,NA,NA,2393,"<html xmlns:fo=http://www.w3.org/1999/XSL/Format xmlns:msxsl=urn:schemas-microsoft-com:xslt>

<head>

<META http-equiv=Content-Type content=text/html>

<meta http-equiv=content-type content=text/html; charset=UTF-8>

</head>

<body style=margin:0px 0px 0px 0px;overflow:auto;background:#FFFFFF;>

<table style=font-family:Arial","Verdana,Times;font-size:12px;text-align:left;width:100%;border-collapse:collapse;padding:3px 3px 3px 3px"">"
56,24.457864975556731,-81.912425011396408,0,2021-09-02T11:27:17Z,NA,NA,2409,"<html xmlns:fo=http://www.w3.org/1999/XSL/Format xmlns:msxsl=urn:schemas-microsoft-com:xslt>

<head>

<META http-equiv=Content-Type content=text/html>

<meta http-equiv=content-type content=text/html; charset=UTF-8>

</head>

<body style=margin:0px 0px 0px 0px;overflow:auto;background:#FFFFFF;>

<table style=font-family:Arial","Verdana,Times;font-size:12px;text-align:left;width:100%;border-collapse:collapse;padding:3px 3px 3px 3px"">"
57,25.113315973430872,-80.305931009352207,0,2021-09-02T11:27:17Z,NA,NA,2423,"<html xmlns:fo=http://www.w3.org/1999/XSL/Format xmlns:msxsl=urn:schemas-microsoft-com:xslt>

<head>

<META http-equiv=Content-Type content=text/html>

<meta http-equiv=content-type content=text/html; charset=UTF-8>

</head>

<body style=margin:0px 0px 0px 0px;overflow:auto;background:#FFFFFF;>

<table style=font-family:Arial","Verdana,Times;font-size:12px;text-align:left;width:100%;border-collapse:collapse;padding:3px 3px 3px 3px"">"
58,25.143865998834372,-80.2740119677037,0,2021-09-02T11:27:17Z,NA,NA,2428,"<html xmlns:fo=http://www.w3.org/1999/XSL/Format xmlns:msxsl=urn:schemas-microsoft-com:xslt>

<head>

<META http-equiv=Content-Type content=text/html>

<meta http-equiv=content-type content=text/html; charset=UTF-8>

</head>

<body style=margin:0px 0px 0px 0px;overflow:auto;background:#FFFFFF;>

<table style=font-family:Arial","Verdana,Times;font-size:12px;text-align:left;width:100%;border-collapse:collapse;padding:3px 3px 3px 3px"">"
59,45.992433009669185,-89.082430964335799,522.864562999999976,2020-05-23T21:37:04Z,NA,NA,ACCESS END,NA,",,""Flag, Blue"",""user"",,,,,,,,,,,SymbolAndName,,,2020-05-23T21:37:04Z,"
60,45.991983991116285,-89.085579961538315,529.449463000000037,2020-05-23T22:14:14Z,NA,NA,ACCESSROADPATH,NA,",,""Flag, Blue"",""user"",,,,,,,,,,,SymbolAndName,,,2020-05-23T22:14:14Z,"
61,24.680399978533387,-82.891250001266599,0,2023-06-17T13:59:13Z,NA,NA,ACER_ACR_001,NA,",,""Flag, Blue"",""user"",,,,,,,,,,,SymbolAndName,,,2023-06-17T13:59:13Z,"
62,24.680399978533387,-82.891183029860258,0,2023-06-17T13:59:13Z,NA,NA,ACER_ACR_002,NA,",,""Flag, Blue"",""user"",,,,,,,,,,,SymbolAndName,,,2023-06-17T13:59:13Z,"
63,24.680399978533387,-82.891250001266599,0,2023-06-17T13:59:13Z,NA,NA,ACER_ACR_003,NA,",,""Flag, Blue"",""user"",,,,,,,,,,,SymbolAndName,,,2023-06-17T13:59:13Z,"
64,24.680267041549087,-82.891283025965095,0,2023-06-17T13:59:13Z,NA,NA,ACER_ACR_004,NA,",,""Flag, Blue"",""user"",,,,,,,,,,,SymbolAndName,,,2023-06-17T13:59:13Z,"
65,24.680282967165112,-82.891300041228533,0,2023-06-17T13:59:13Z,NA,NA,ACER_ACR_005,NA,",,""Flag, Blue"",""user"",,,,,,,,,,,SymbolAndName,,,2023-06-17T13:59:13Z,"
66,24.680382963269949,-82.891199961304665,0,2023-06-17T13:59:13Z,NA,NA,ACER_ACR_006,NA,",,""Flag, Blue"",""user"",,,,,,,,,,,SymbolAndName,,,2023-06-17T13:59:13Z,"
67,24.680399978533387,-82.891183029860258,0,2023-06-17T13:59:13Z,NA,NA,ACER_ACR_007,NA,",,""Flag, Blue"",""user"",,,,,,,,,,,SymbolAndName,,,2023-06-17T13:59:13Z,"
68,24.680282967165112,-82.891283025965095,0,2023-06-17T13:59:13Z,NA,NA,ACER_ACR_008,NA,",,""Flag, Blue"",""user"",,,,,,,,,,,SymbolAndName,,,2023-06-17T13:59:13Z,"
69,24.680399978533387,-82.891250001266599,0,2023-06-17T13:59:13Z,NA,NA,ACER_ACR_009,NA,",,""Flag, Blue"",""user"",,,,,,,,,,,SymbolAndName,,,2023-06-17T13:59:13Z,"
70,24.680382963269949,-82.89123298600316,0,2023-06-17T13:59:13Z,NA,NA,ACER_ACR_010,NA,",,""Flag, Blue"",""user"",,,,,,,,,,,SymbolAndName,,,2023-06-17T13:59:13Z,"
71,24.680382963269949,-82.891199961304665,0,2023-06-17T13:59:13Z,NA,NA,ACER_ACR_011,NA,",,""Flag, Blue"",""user"",,,,,,,,,,,SymbolAndName,,,2023-06-17T13:59:13Z,"
72,24.680399978533387,-82.891267016530037,0,2023-06-17T13:59:13Z,NA,NA,ACER_ACR_012,NA,",,""Flag, Blue"",""user"",,,,,,,,,,,SymbolAndName,,,2023-06-17T13:59:13Z,"
73,24.680099990218878,-82.8911670204252,0,2023-06-17T13:59:13Z,NA,NA,ACER_ACR_013,NA,",,""Flag, Blue"",""user"",,,,,,,,,,,SymbolAndName,,,2023-06-17T13:59:13Z,"
74,24.680066965520382,-82.891050009056926,0,2023-06-17T13:59:13Z,NA,NA,ACER_ACR_014,NA,",,""Flag, Blue"",""user"",,,,,,,,,,,SymbolAndName,,,2023-06-17T13:59:13Z,"
75,24.680416993796825,-82.891250001266599,0,2023-06-17T13:59:13Z,NA,NA,ACER_ACR_015,NA,",,""Flag, Blue"",""user"",,,,,,,,,,,SymbolAndName,,,2023-06-17T13:59:13Z,"
76,24.680199986323714,-82.891817037016153,0,2023-06-17T13:59:13Z,NA,NA,ACER_ACR_016,NA,",,""Flag, Blue"",""user"",,,,,,,,,,,SymbolAndName,,,2023-06-17T13:59:13Z,"
77,24.680399978533387,-82.891183029860258,0,2023-06-17T13:59:13Z,NA,NA,ACER_ACR_017,NA,",,""Flag, Blue"",""user"",,,,,,,,,,,SymbolAndName,,,2023-06-17T13:59:13Z,"
78,24.680399978533387,-82.891267016530037,0,2023-06-17T13:59:13Z,NA,NA,ACER_ACR_018,NA,",,""Flag, Blue"",""user"",,,,,,,,,,,SymbolAndName,,,2023-06-17T13:59:13Z,"
79,24.683483010157943,-82.896582987159491,0,2023-06-17T13:59:13Z,NA,NA,ACER_ELS_001,NA,",,""Flag, Blue"",""user"",,,,,,,,,,,SymbolAndName,,,2023-06-17T13:59:13Z,"
80,24.683310007676482,-82.896449966356158,0,2023-06-17T13:59:13Z,NA,NA,ACER_ELS_002,NA,",,""Flag, Blue"",""user"",,,,,,,,,,,SymbolAndName,,,2023-06-17T13:59:13Z,"
81,24.683159971609712,-82.896260032430291,0,2023-06-17T13:59:13Z,NA,NA,ACER_ELS_003,NA,",,""Flag, Blue"",""user"",,,,,,,,,,,SymbolAndName,,,2023-06-17T13:59:13Z,"
82,24.683749973773956,-82.894133040681481,0,2023-06-17T13:59:13Z,NA,NA,ACER_ELS_004,NA,",,""Flag, Blue"",""user"",,,,,,,,,,,SymbolAndName,,,2023-06-17T13:59:13Z,"
83,24.683180004358292,-82.896290039643645,0,2023-06-17T13:59:13Z,NA,NA,ACER_ELS_005,NA,",,""Flag, Blue"",""user"",,,,,,,,,,,SymbolAndName,,,2023-06-17T13:59:13Z,"
84,24.683232977986336,-82.895967001095414,0,2023-06-17T13:59:13Z,NA,NA,ACER_ELS_006,NA,",,""Flag, Blue"",""user"",,,,,,,,,,,SymbolAndName,,,2023-06-17T13:59:13Z,"
85,24.683367004618049,-82.896549962460995,0,2023-06-17T13:59:13Z,NA,NA,ACER_ELS_007,NA,",,""Flag, Blue"",""user"",,,,,,,,,,,SymbolAndName,,,2023-06-17T13:59:13Z,"
86,24.683180004358292,-82.896249974146485,0,2023-06-17T13:59:13Z,NA,NA,ACER_ELS_008,NA,",,""Flag, Blue"",""user"",,,,,,,,,,,SymbolAndName,,,2023-06-17T13:59:13Z,"
87,24.683229960501194,-82.896419959142804,0,2023-06-17T13:59:13Z,NA,NA,ACER_ELS_009,NA,",,""Flag, Blue"",""user"",,,,,,,,,,,SymbolAndName,,,2023-06-17T13:59:13Z,"
88,24.683210011571646,-82.896379977464676,0,2023-06-17T13:59:13Z,NA,NA,ACER_ELS_010,NA,",,""Flag, Blue"",""user"",,,,,,,,,,,SymbolAndName,,,2023-06-17T13:59:13Z,"
89,24.683180004358292,-82.896290039643645,0,2023-06-17T13:59:13Z,NA,NA,ACER_ELS_011,NA,",,""Flag, Blue"",""user"",,,,,,,,,,,SymbolAndName,,,2023-06-17T13:59:13Z,"
90,24.683189978823066,-82.896219966933131,0,2023-06-17T13:59:13Z,NA,NA,ACER_ELS_012,NA,",,""Flag, Blue"",""user"",,,,,,,,,,,SymbolAndName,,,2023-06-17T13:59:13Z,"
91,24.683200037106872,-82.896349970251322,0,2023-06-17T13:59:13Z,NA,NA,ACER_ELS_013,NA,",,""Flag, Blue"",""user"",,,,,,,,,,,SymbolAndName,,,2023-06-17T13:59:13Z,"
92,24.683180004358292,-82.896290039643645,0,2023-06-17T13:59:13Z,NA,NA,ACER_ELS_014,NA,",,""Flag, Blue"",""user"",,,,,,,,,,,SymbolAndName,,,2023-06-17T13:59:13Z,"
93,24.683132981881499,-82.895649997517467,0,2023-06-17T13:59:13Z,NA,NA,ACER_ELS_015,NA,",,""Flag, Blue"",""user"",,,,,,,,,,,SymbolAndName,,,2023-06-17T13:59:13Z,"
94,24.663116997107863,-82.812933018431067,0,2023-06-17T13:59:13Z,NA,NA,ACER_MID_001,NA,",,""Flag, Blue"",""user"",,,,,,,,,,,SymbolAndName,,,2023-06-17T13:59:13Z,"
95,24.663150021806359,-82.813082970678806,0,2023-06-17T13:59:13Z,NA,NA,ACER_MID_002,NA,",,""Flag, Blue"",""user"",,,,,,,,,,,SymbolAndName,,,2023-06-17T13:59:13Z,"
96,24.663116997107863,-82.81291700899601,0,2023-06-17T13:59:13Z,NA,NA,ACER_MID_003,NA,",,""Flag, Blue"",""user"",,,,,,,,,,,SymbolAndName,,,2023-06-17T13:59:13Z,"
97,24.663150021806359,-82.813082970678806,0,2023-06-17T13:59:13Z,NA,NA,ACER_MID_004,NA,",,""Flag, Blue"",""user"",,,,,,,,,,,SymbolAndName,,,2023-06-17T13:59:13Z,"
98,24.663116997107863,-82.813066961243749,0,2023-06-17T13:59:13Z,NA,NA,ACER_MID_005,NA,",,""Flag, Blue"",""user"",,,,,,,,,,,SymbolAndName,,,2023-06-17T13:59:13Z,"
99,24.663050025701523,-82.812899993732572,0,2023-06-17T13:59:13Z,NA,NA,ACER_MID_006,NA,",,""Flag, Blue"",""user"",,,,,,,,,,,SymbolAndName,,,2023-06-17T13:59:13Z,"
100,24.663116997107863,-82.812933018431067,0,2023-06-17T13:59:13Z,NA,NA,ACER_MID_007,NA,",,""Flag, Blue"",""user"",,,,,,,,,,,SymbolAndName,,,2023-06-17T13:59:13Z,"
101,24.663099981844425,-82.813050029799342,0,2023-06-17T13:59:13Z,NA,NA,ACER_MID_008,NA,",,""Flag, Blue"",""user"",,,,,,,,,,,SymbolAndName,,,2023-06-17T13:59:13Z,"
102,24.663150021806359,-82.812950033694506,0,2023-06-17T13:59:13Z,NA,NA,ACER_MID_009,NA,",,""Flag, Blue"",""user"",,,,,,,,,,,SymbolAndName,,,2023-06-17T13:59:13Z,"
103,24.663167037069798,-82.813099985942245,0,2023-06-17T13:59:13Z,NA,NA,ACER_MID_010,NA,",,""Flag, Blue"",""user"",,,,,,,,,,,SymbolAndName,,,2023-06-17T13:59:13Z,"
104,24.663116997107863,-82.813033014535904,0,2023-06-17T13:59:13Z,NA,NA,ACER_MID_011,NA,",,""Flag, Blue"",""user"",,,,,,,,,,,SymbolAndName,,,2023-06-17T13:59:13Z,"
105,24.663133006542921,-82.81291700899601,0,2023-06-17T13:59:13Z,NA,NA,ACER_MID_012,NA,",,""Flag, Blue"",""user"",,,,,,,,,,,SymbolAndName,,,2023-06-17T13:59:13Z,"
106,24.663150021806359,-82.812950033694506,0,2023-06-17T13:59:13Z,NA,NA,ACER_MID_013,NA,",,""Flag, Blue"",""user"",,,,,,,,,,,SymbolAndName,,,2023-06-17T13:59:13Z,"
107,24.663082966580987,-82.81291700899601,0,2023-06-17T13:59:13Z,NA,NA,ACER_MID_014,NA,",,""Flag, Blue"",""user"",,,,,,,,,,,SymbolAndName,,,2023-06-17T13:59:13Z,"
108,24.663116997107863,-82.812933018431067,0,2023-06-17T13:59:13Z,NA,NA,ACER_MID_015,NA,",,""Flag, Blue"",""user"",,,,,,,,,,,SymbolAndName,,,2023-06-17T13:59:13Z,"
109,24.663099981844425,-82.81291700899601,0,2023-06-17T13:59:13Z,NA,NA,ACER_MID_016,NA,",,""Flag, Blue"",""user"",,,,,,,,,,,SymbolAndName,,,2023-06-17T13:59:13Z,"
110,24.663150021806359,-82.813033014535904,0,2023-06-17T13:59:13Z,NA,NA,ACER_MID_017,NA,",,""Flag, Blue"",""user"",,,,,,,,,,,SymbolAndName,,,2023-06-17T13:59:13Z,"
111,24.663133006542921,-82.812933018431067,0,2023-06-17T13:59:13Z,NA,NA,ACER_MID_018,NA,",,""Flag, Blue"",""user"",,,,,,,,,,,SymbolAndName,,,2023-06-17T13:59:13Z,"
112,24.663150021806359,-82.813099985942245,0,2023-06-17T13:59:13Z,NA,NA,ACER_MID_019,NA,",,""Flag, Blue"",""user"",,,,,,,,,,,SymbolAndName,,,2023-06-17T13:59:13Z,"
113,24.663116997107863,-82.81291700899601,0,2023-06-17T13:59:13Z,NA,NA,ACER_MID_020,NA,",,""Flag, Blue"",""user"",,,,,,,,,,,SymbolAndName,,,2023-06-17T13:59:13Z,"
114,24.663116997107863,-82.812933018431067,0,2023-06-17T13:59:13Z,NA,NA,ACER_MID_021,NA,",,""Flag, Blue"",""user"",,,,,,,,,,,SymbolAndName,,,2023-06-17T13:59:13Z,"
115,24.702350003644824,-82.799700004979968,0,2023-06-17T13:59:13Z,NA,NA,ACER_PUL_001,NA,",,""Flag, Blue"",""user"",,,,,,,,,,,SymbolAndName,,,2023-06-17T13:59:13Z,"
116,24.702350003644824,-82.799633033573627,0,2023-06-17T13:59:13Z,NA,NA,ACER_PUL_002,NA,",,""Flag, Blue"",""user"",,,,,,,,,,,SymbolAndName,,,2023-06-17T13:59:13Z,"
117,24.702350003644824,-82.799733029678464,0,2023-06-17T13:59:13Z,NA,NA,ACER_PUL_003,NA,",,""Flag, Blue"",""user"",,,,,,,,,,,SymbolAndName,,,2023-06-17T13:59:13Z,"
118,24.702416975051165,-82.799449972808361,0,2023-06-17T13:59:13Z,NA,NA,ACER_PUL_004,NA,",,""Flag, Blue"",""user"",,,,,,,,,,,SymbolAndName,,,2023-06-17T13:59:13Z,"
119,24.702350003644824,-82.799600008875132,0,2023-06-17T13:59:13Z,NA,NA,ACER_PUL_005,NA,",,""Flag, Blue"",""user"",,,,,,,,,,,SymbolAndName,,,2023-06-17T13:59:13Z,"
120,24.702350003644824,-82.799600008875132,0,2023-06-17T13:59:13Z,NA,NA,ACER_PUL_006,NA,",,""Flag, Blue"",""user"",,,,,,,,,,,SymbolAndName,,,2023-06-17T13:59:13Z,"
121,24.702350003644824,-82.799700004979968,0,2023-06-17T13:59:13Z,NA,NA,ACER_PUL_007,NA,",,""Flag, Blue"",""user"",,,,,,,,,,,SymbolAndName,,,2023-06-17T13:59:13Z,"
122,24.702416975051165,-82.79938300140202,0,2023-06-17T13:59:13Z,NA,NA,ACER_PUL_008,NA,",,""Flag, Blue"",""user"",,,,,,,,,,,SymbolAndName,,,2023-06-17T13:59:13Z,"
123,24.702350003644824,-82.799700004979968,0,2023-06-17T13:59:13Z,NA,NA,ACER_PUL_009,NA,",,""Flag, Blue"",""user"",,,,,,,,,,,SymbolAndName,,,2023-06-17T13:59:13Z,"
124,24.702350003644824,-82.79968298971653,0,2023-06-17T13:59:13Z,NA,NA,ACER_PUL_010,NA,",,""Flag, Blue"",""user"",,,,,,,,,,,SymbolAndName,,,2023-06-17T13:59:13Z,"
125,24.702332988381386,-82.799566984176636,0,2023-06-17T13:59:13Z,NA,NA,ACER_PUL_011,NA,",,""Flag, Blue"",""user"",,,,,,,,,,,SymbolAndName,,,2023-06-17T13:59:13Z,"
126,24.702350003644824,-82.799633033573627,0,2023-06-17T13:59:13Z,NA,NA,ACER_PUL_012,NA,",,""Flag, Blue"",""user"",,,,,,,,,,,SymbolAndName,,,2023-06-17T13:59:13Z,"
127,24.702350003644824,-82.799666980281472,0,2023-06-17T13:59:13Z,NA,NA,ACER_PUL_013,NA,",,""Flag, Blue"",""user"",,,,,,,,,,,SymbolAndName,,,2023-06-17T13:59:13Z,"
128,24.702350003644824,-82.79974996112287,0,2023-06-17T13:59:13Z,NA,NA,ACER_PUL_014,NA,",,""Flag, Blue"",""user"",,,,,,,,,,,SymbolAndName,,,2023-06-17T13:59:13Z,"
129,24.702350003644824,-82.799733029678464,0,2023-06-17T13:59:13Z,NA,NA,ACER_PUL_015,NA,",,""Flag, Blue"",""user"",,,,,,,,,,,SymbolAndName,,,2023-06-17T13:59:13Z,"
130,24.702350003644824,-82.799717020243406,0,2023-06-17T13:59:13Z,NA,NA,ACER_PUL_016,NA,",,""Flag, Blue"",""user"",,,,,,,,,,,SymbolAndName,,,2023-06-17T13:59:13Z,"
131,24.702350003644824,-82.799633033573627,0,2023-06-17T13:59:13Z,NA,NA,ACER_PUL_017,NA,",,""Flag, Blue"",""user"",,,,,,,,,,,SymbolAndName,,,2023-06-17T13:59:13Z,"
132,24.702332988381386,-82.799566984176636,0,2023-06-17T13:59:13Z,NA,NA,ACER_PUL_018,NA,",,""Flag, Blue"",""user"",,,,,,,,,,,SymbolAndName,,,2023-06-17T13:59:13Z,"
133,24.702350003644824,-82.799666980281472,0,2023-06-17T13:59:13Z,NA,NA,ACER_PUL_019,NA,",,""Flag, Blue"",""user"",,,,,,,,,,,SymbolAndName,,,2023-06-17T13:59:13Z,"
134,24.702332988381386,-82.799566984176636,0,2023-06-17T13:59:13Z,NA,NA,ACER_PUL_020,NA,",,""Flag, Blue"",""user"",,,,,,,,,,,SymbolAndName,,,2023-06-17T13:59:13Z,"
135,24.702350003644824,-82.799666980281472,0,2023-06-17T13:59:13Z,NA,NA,ACER_PUL_021,NA,",,""Flag, Blue"",""user"",,,,,,,,,,,SymbolAndName,,,2023-06-17T13:59:13Z,"
136,24.619400007650256,-82.920309975743294,0,2023-06-17T13:59:13Z,NA,NA,ACER_TNC_001,NA,",,""Flag, Blue"",""user"",,,,,,,,,,,SymbolAndName,,,2023-06-17T13:59:13Z,"
137,24.619309986010194,-82.920469986274838,0,2023-06-17T13:59:13Z,NA,NA,ACER_TNC_002,NA,",,""Flag, Blue"",""user"",,,,,,,,,,,SymbolAndName,,,2023-06-17T13:59:13Z,"
138,24.619420040398836,-82.920260019600391,0,2023-06-17T13:59:13Z,NA,NA,ACER_TNC_003,NA,",,""Flag, Blue"",""user"",,,,,,,,,,,SymbolAndName,,,2023-06-17T13:59:13Z,"
139,24.619379974901676,-82.920369990170002,0,2023-06-17T13:59:13Z,NA,NA,ACER_TNC_004,NA,",,""Flag, Blue"",""user"",,,,,,,,,,,SymbolAndName,,,2023-06-17T13:59:13Z,"
140,24.619330018758774,-82.920439979061484,0,2023-06-17T13:59:13Z,NA,NA,ACER_TNC_005,NA,",,""Flag, Blue"",""user"",,,,,,,,,,,SymbolAndName,,,2023-06-17T13:59:13Z,"
141,24.619420040398836,-82.920260019600391,0,2023-06-17T13:59:13Z,NA,NA,ACER_TNC_006,NA,",,""Flag, Blue"",""user"",,,,,,,,,,,SymbolAndName,,,2023-06-17T13:59:13Z,"
142,24.619379974901676,-82.920390022918582,0,2023-06-17T13:59:13Z,NA,NA,ACER_TNC_007,NA,",,""Flag, Blue"",""user"",,,,,,,,,,,SymbolAndName,,,2023-06-17T13:59:13Z,"
143,24.619449963793159,-82.920260019600391,0,2023-06-17T13:59:13Z,NA,NA,ACER_TNC_008,NA,",,""Flag, Blue"",""user"",,,,,,,,,,,SymbolAndName,,,2023-06-17T13:59:13Z,"
144,24.619500003755093,-82.920239986851811,0,2023-06-17T13:59:13Z,NA,NA,ACER_TNC_009,NA,",,""Flag, Blue"",""user"",,,,,,,,,,,SymbolAndName,,,2023-06-17T13:59:13Z,"
145,24.619379974901676,-82.920339982956648,0,2023-06-17T13:59:13Z,NA,NA,ACER_TNC_010,NA,",,""Flag, Blue"",""user"",,,,,,,,,,,SymbolAndName,,,2023-06-17T13:59:13Z,"
146,24.619379974901676,-82.920339982956648,0,2023-06-17T13:59:13Z,NA,NA,ACER_TNC_011,NA,",,""Flag, Blue"",""user"",,,,,,,,,,,SymbolAndName,,,2023-06-17T13:59:13Z,"
147,24.619469996541739,-82.920249961316586,0,2023-06-17T13:59:13Z,NA,NA,ACER_TNC_012,NA,",,""Flag, Blue"",""user"",,,,,,,,,,,SymbolAndName,,,2023-06-17T13:59:13Z,"
148,24.619330018758774,-82.92043000459671,0,2023-06-17T13:59:13Z,NA,NA,ACER_TNC_013,NA,",,""Flag, Blue"",""user"",,,,,,,,,,,SymbolAndName,,,2023-06-17T13:59:13Z,"
149,24.619349967688322,-82.920390022918582,0,2023-06-17T13:59:13Z,NA,NA,ACER_TNC_014,NA,",,""Flag, Blue"",""user"",,,,,,,,,,,SymbolAndName,,,2023-06-17T13:59:13Z,"
150,24.619500003755093,-82.920239986851811,0,2023-06-17T13:59:13Z,NA,NA,ACER_TNC_015,NA,",,""Flag, Blue"",""user"",,,,,,,,,,,SymbolAndName,,,2023-06-17T13:59:13Z,"
151,24.619500003755093,-82.920239986851811,0,2023-06-17T13:59:13Z,NA,NA,ACER_TNC_016,NA,",,""Flag, Blue"",""user"",,,,,,,,,,,SymbolAndName,,,2023-06-17T13:59:13Z,"
152,24.619379974901676,-82.920379964634776,0,2023-06-17T13:59:13Z,NA,NA,ACER_TNC_017,NA,",,""Flag, Blue"",""user"",,,,,,,,,,,SymbolAndName,,,2023-06-17T13:59:13Z,"
153,24.619339993223548,-82.920399997383356,0,2023-06-17T13:59:13Z,NA,NA,ACER_TNC_018,NA,",,""Flag, Blue"",""user"",,,,,,,,,,,SymbolAndName,,,2023-06-17T13:59:13Z,"
154,24.619319960474968,-82.920460011810064,0,2023-06-17T13:59:13Z,NA,NA,ACER_TNC_019,NA,",,""Flag, Blue"",""user"",,,,,,,,,,,SymbolAndName,,,2023-06-17T13:59:13Z,"
155,24.619400007650256,-82.920309975743294,0,2023-06-17T13:59:13Z,NA,NA,ACER_TNC_020,NA,",,""Flag, Blue"",""user"",,,,,,,,,,,SymbolAndName,,,2023-06-17T13:59:13Z,"
156,25.043946001678705,-80.369923990219831,-2.175691,2022-05-12T23:59:56Z,NA,NA,BALL,NA,",,""Flag, Blue"",""user"",,,,,,,,,,,SymbolAndName,,,2022-05-12T23:59:56Z,"
157,25.110880024731159,-80.303929997608066,4.434931,2022-05-08T23:31:17Z,NA,NA,BIG G,NA,",,""Flag, Blue"",""user"",,,,,,,,,,,SymbolAndName,,,2022-05-08T23:31:17Z,"
158,24.668690962716937,-82.849940964952111,9.550601,2023-06-23T16:41:18Z,NA,NA,BOAT RETURN6.23,NA,",,""Flag, Blue"",""user"",,,,,,,,,,,SymbolAndName,,,2023-06-23T16:41:18Z,"
159,24.618770023807883,-82.920200005173683,0,2023-06-17T13:58:39Z,NA,NA,C1300,NA,",,""Flag, Blue"",""user"",,,,,,,,,,,SymbolAndName,,,2023-06-17T13:58:39Z,"
160,24.632400004193187,-82.905100006610155,0,2023-06-17T13:58:39Z,NA,NA,C1441,NA,",,""Flag, Blue"",""user"",,,,,,,,,,,SymbolAndName,,,2023-06-17T13:58:39Z,"
161,24.632290033623576,-82.905200002714992,0,2023-06-17T13:58:39Z,NA,NA,C14411,NA,",,""Flag, Blue"",""user"",,,,,,,,,,,SymbolAndName,,,2023-06-17T13:58:39Z,"
162,24.619060037657619,-82.897299975156784,0,2023-06-17T13:58:39Z,NA,NA,C1443,NA,",,""Flag, Blue"",""user"",,,,,,,,,,,SymbolAndName,,,2023-06-17T13:58:39Z,"
163,24.619019972160459,-82.897399971261621,0,2023-06-17T13:58:39Z,NA,NA,C14431,NA,",,""Flag, Blue"",""user"",,,,,,,,,,,SymbolAndName,,,2023-06-17T13:58:39Z,"
164,24.629170037806034,-82.886299984529614,0,2023-06-17T13:58:39Z,NA,NA,C1444,NA,",,""Flag, Blue"",""user"",,,,,,,,,,,SymbolAndName,,,2023-06-17T13:58:39Z,"
165,24.629199961200356,-82.886399980634451,0,2023-06-17T13:58:39Z,NA,NA,C14441,NA,",,""Flag, Blue"",""user"",,,,,,,,,,,SymbolAndName,,,2023-06-17T13:58:39Z,"
166,24.628759995102882,-82.886199988424778,0,2023-06-17T13:58:39Z,NA,NA,C14442,NA,",,""Flag, Blue"",""user"",,,,,,,,,,,SymbolAndName,,,2023-06-17T13:58:39Z,"
167,24.618540024384856,-82.920100009068847,0,2023-06-17T13:58:39Z,NA,NA,C1445,NA,",,""Flag, Blue"",""user"",,,,,,,,,,,SymbolAndName,,,2023-06-17T13:58:39Z,"
168,24.618519991636276,-82.920100009068847,0,2023-06-17T13:58:39Z,NA,NA,C14451,NA,",,""Flag, Blue"",""user"",,,,,,,,,,,SymbolAndName,,,2023-06-17T13:58:39Z,"
169,24.632390029728413,-82.905299998819828,0,2023-06-17T13:58:39Z,NA,NA,C1446,NA,",,""Flag, Blue"",""user"",,,,,,,,,,,SymbolAndName,,,2023-06-17T13:58:39Z,"
170,24.632330015301704,-82.905100006610155,0,2023-06-17T13:58:39Z,NA,NA,C14461,NA,",,""Flag, Blue"",""user"",,,,,,,,,,,SymbolAndName,,,2023-06-17T13:58:39Z,"
171,24.633770026266575,-82.87369997240603,0,2023-06-17T13:58:39Z,NA,NA,C1447,NA,",,""Flag, Blue"",""user"",,,,,,,,,,,SymbolAndName,,,2023-06-17T13:58:39Z,"
172,24.633619990199804,-82.873899964615703,0,2023-06-17T13:58:39Z,NA,NA,C14471,NA,",,""Flag, Blue"",""user"",,,,,,,,,,,SymbolAndName,,,2023-06-17T13:58:39Z,"
173,24.633580008521676,-82.873499980196357,0,2023-06-17T13:58:39Z,NA,NA,C14472,NA,",,""Flag, Blue"",""user"",,,,,,,,,,,SymbolAndName,,,2023-06-17T13:58:39Z,"
174,24.633940011262894,-82.873799968510866,0,2023-06-17T13:58:39Z,NA,NA,C14473,NA,",,""Flag, Blue"",""user"",,,,,,,,,,,SymbolAndName,,,2023-06-17T13:58:39Z,"
175,24.649500008672476,-82.893099971115589,0,2023-06-17T13:58:39Z,NA,NA,C1448,NA,",,""Flag, Blue"",""user"",,,,,,,,,,,SymbolAndName,,,2023-06-17T13:58:39Z,"
176,24.649850036948919,-82.893399959430099,0,2023-06-17T13:58:39Z,NA,NA,C1449,NA,",,""Flag, Blue"",""user"",,,,,,,,,,,SymbolAndName,,,2023-06-17T13:58:39Z,"
177,24.649720033630729,-82.893299963325262,0,2023-06-17T13:58:39Z,NA,NA,C1450,NA,",,""Flag, Blue"",""user"",,,,,,,,,,,SymbolAndName,,,2023-06-17T13:58:39Z,"
178,46.000711983069777,-89.07355897128582,487.41751099999999,2020-05-23T03:08:29Z,NA,NA,CAR,NA,",,""Flag, Blue"",""user"",,,,,,,,,,,SymbolAndName,,,2020-05-23T03:08:29Z,"
179,45.995803959667683,-89.078936967998743,526.105713000000037,2020-05-23T21:55:40Z,NA,NA,CONFUSED,NA,",,""Flag, Blue"",""user"",,,,,,,,,,,SymbolAndName,,,2020-05-23T21:55:40Z,"
180,24.982398021966219,-80.43654796667397,0,2021-09-02T11:27:17Z,NA,NA,CRF nursery SE corner,NA,",,""Flag, Blue"",""user"",,,,,,,,,,,SymbolAndName,,,2021-09-02T11:27:17Z,"
181,24.695023968815804,-82.795249968767166,0,2023-06-17T13:58:39Z,NA,NA,CT,NA,",,""Flag, Blue"",""user"",,,,,,,,,,,SymbolAndName,,,2023-06-17T13:58:39Z,"
182,24.695128994062543,-82.789203012362123,0,2023-06-17T13:58:39Z,NA,NA,D9999,NA,",,""Flag, Blue"",""user"",,,,,,,,,,,SymbolAndName,,,2023-06-17T13:58:39Z,"
183,45.986964991316199,-89.09293700940907,517.28741500000001,2020-05-23T23:10:04Z,NA,NA,DOPE CAMP,NA,",,""Flag, Blue"",""user"",,,,,,,,,,,SymbolAndName,,,2020-05-23T23:10:04Z,"
184,45.997509006410837,-89.07877896912396,515.955016999999998,2020-05-23T03:44:12Z,NA,NA,DRS  CAMP,NA,",,""Flag, Blue"",""user"",,,,,,,,,,,SymbolAndName,,,2020-05-23T03:44:12Z,"
185,25.03286998718977,-80.350349983200431,-1.60297,2022-05-17T20:34:57Z,NA,NA,FRENCH,NA,",,""Flag, Blue"",""user"",,,,,,,,,,,SymbolAndName,,,2022-05-17T20:34:57Z,"
186,24.62074002251029,-82.867399966344237,0,2023-06-17T13:59:13Z,NA,NA,Garden Key,NA,",,""Flag, Blue"",""user"",,,,,,,,,,,SymbolAndName,,,2023-06-17T13:59:13Z,"
187,25.106980009004474,-80.308069987222552,4.956992,2022-05-08T16:58:35Z,NA,NA,GRECIAN,NA,",,""Flag, Blue"",""user"",,,,,,,,,,,SymbolAndName,,,2022-05-08T16:58:35Z,"
188,25.139080015942454,-80.293940026313066,6.32024,2022-05-08T17:03:12Z,NA,NA,HORSESHOE,NA,",,""Flag, Blue"",""user"",,,,,,,,,,,SymbolAndName,,,2022-05-08T17:03:12Z,"
189,24.669680027291179,-82.909119967371225,0,2023-06-17T13:58:39Z,NA,NA,J2856,NA,",,""Flag, Blue"",""user"",,,,,,,,,,,SymbolAndName,,,2023-06-17T13:58:39Z,"
190,24.663060000166297,-82.91202999651432,0,2023-06-17T13:58:39Z,NA,NA,J2858,NA,",,""Flag, Blue"",""user"",,,,,,,,,,,SymbolAndName,,,2023-06-17T13:58:39Z,"
191,24.632369996979833,-82.905350038781762,0,2023-06-17T13:58:39Z,NA,NA,J2859,NA,",,""Flag, Blue"",""user"",,,,,,,,,,,SymbolAndName,,,2023-06-17T13:58:39Z,"
192,25.123550025746226,-80.294939987361431,6.606252,2022-05-08T17:01:35Z,NA,NA,JESUS,NA,",,""Flag, Blue"",""user"",,,,,,,,,,,SymbolAndName,,,2022-05-08T17:01:35Z,"
193,45.987186022102833,-89.092875989153981,522.387206999999989,2020-05-23T22:48:29Z,NA,NA,JUNCT,NA,",,""Flag, Blue"",""user"",,,,,,,,,,,SymbolAndName,,,2020-05-23T22:48:29Z,"
194,24.697190020233393,-82.863250002264977,0,2023-06-17T13:58:39Z,NA,NA,K1021,NA,",,""Flag, Blue"",""user"",,,,,,,,,,,SymbolAndName,,,2023-06-17T13:58:39Z,"
195,24.712509959936142,-82.792319990694523,0,2023-06-17T13:58:39Z,NA,NA,K1033,NA,",,""Flag, Blue"",""user"",,,,,,,,,,,SymbolAndName,,,2023-06-17T13:58:39Z,"
196,24.661749992519617,-82.845429992303252,0,2023-06-17T13:58:39Z,NA,NA,M1218,NA,",,""Flag, Blue"",""user"",,,,,,,,,,,SymbolAndName,,,2023-06-17T13:58:39Z,"
197,24.640330038964748,-82.898460030555725,0,2023-06-17T13:58:39Z,NA,NA,M1227,NA,",,""Flag, Blue"",""user"",,,,,,,,,,,SymbolAndName,,,2023-06-17T13:58:39Z,"
198,25.073130028322339,-80.392689993605018,-2.538898,2022-05-07T23:20:23Z,NA,NA,MOSQT REEF,NA,",,""Flag, Blue"",""user"",,,,,,,,,,,SymbolAndName,,,2022-05-07T23:20:23Z,"
199,24.562570033594966,-81.400089981034398,0,2021-09-02T11:27:17Z,NA,NA,Mote coral nursery,NA,",,""Flag, Blue"",""user"",,,,,,,,,,,SymbolAndName,,,2021-09-02T11:27:17Z,"
200,24.619079986587167,-82.897399971261621,0,2023-06-17T13:58:39Z,NA,NA,Mutant allele,NA,",,""Flag, Blue"",""user"",,,,,,,,,,,SymbolAndName,,,2023-06-17T13:58:39Z,"
201,25.130480015650392,-80.294489962980151,5.191714,2022-05-08T23:29:29Z,NA,NA,NDRO,NA,",,""Flag, Blue"",""user"",,,,,,,,,,,SymbolAndName,,,2022-05-08T23:29:29Z,"
202,25.01389998011291,-80.374290039762855,20.034067,2022-05-11T22:51:22Z,NA,NA,NE CONCH,NA,",,""Flag, Blue"",""user"",,,,,,,,,,,SymbolAndName,,,2022-05-11T22:51:22Z,"
203,24.627794483676553,-81.399919241666794,0,2021-09-02T11:27:17Z,NA,NA,Newfound Harbor,NA,",,""Flag, Blue"",""user"",,,,,,,,,,,SymbolAndName,,,2021-09-02T11:27:17Z,"
204,24.682840034365654,-82.892190031707287,0,2023-06-17T13:58:39Z,NA,NA,O1292,NA,",,""Flag, Blue"",""user"",,,,,,,,,,,SymbolAndName,,,2023-06-17T13:58:39Z,"
205,24.669509958475828,-82.875190023332834,0,2023-06-17T13:58:39Z,NA,NA,O1298,NA,",,""Flag, Blue"",""user"",,,,,,,,,,,SymbolAndName,,,2023-06-17T13:58:39Z,"
206,24.670099960640073,-82.899900041520596,0,2023-06-17T13:58:39Z,NA,NA,O1313,NA,",,""Flag, Blue"",""user"",,,,,,,,,,,SymbolAndName,,,2023-06-17T13:58:39Z,"
207,24.708239967003465,-82.808560011908412,0,2023-06-17T13:58:39Z,NA,NA,O2263,NA,",,""Flag, Blue"",""user"",,,,,,,,,,,SymbolAndName,,,2023-06-17T13:58:39Z,"
208,45.982572035863996,-89.098021974787116,507.961273000000006,2020-05-23T23:51:54Z,NA,NA,OLDFIRERG,NA,",,""Flag, Blue"",""user"",,,,,,,,,,,SymbolAndName,,,2020-05-23T23:51:54Z,"
209,24.620650000870228,-82.869667019695044,0,2023-06-17T13:59:14Z,NA,NA,Prolifera Patch,NA,",,""Flag, Blue"",""user"",,,,,,,,,,,SymbolAndName,,,2023-06-17T13:59:14Z,"
210,24.693550011143088,-82.772799963131547,0,2023-06-17T13:59:14Z,NA,NA,Pulaski Shoal Light,NA,",,""Flag, Blue"",""user"",,,,,,,,,,,SymbolAndName,,,2023-06-17T13:59:14Z,"
211,24.702800028026104,-82.798829963430762,0,2023-06-17T13:59:14Z,NA,NA,Pulaski Shoal West,NA,",,""Flag, Blue"",""user"",,,,,,,,,,,SymbolAndName,,,2023-06-17T13:59:14Z,"
212,24.68003997579217,-82.899060007184744,0,2023-06-17T13:58:39Z,NA,NA,R1207,NA,",,""Flag, Blue"",""user"",,,,,,,,,,,SymbolAndName,,,2023-06-17T13:58:39Z,"
213,24.702960038557649,-82.871740031987429,0,2023-06-17T13:58:39Z,NA,NA,R1212,NA,",,""Flag, Blue"",""user"",,,,,,,,,,,SymbolAndName,,,2023-06-17T13:58:39Z,"
214,24.632490025833249,-82.875620014965534,0,2023-06-17T13:58:39Z,NA,NA,R1215,NA,",,""Flag, Blue"",""user"",,,,,,,,,,,SymbolAndName,,,2023-06-17T13:58:39Z,"
215,24.721210040152073,-82.781069967895746,0,2023-06-17T13:58:39Z,NA,NA,R1234,NA,",,""Flag, Blue"",""user"",,,,,,,,,,,SymbolAndName,,,2023-06-17T13:58:39Z,"
216,24.629789963364601,-82.945709992200136,0,2023-06-17T13:58:39Z,NA,NA,R2223,NA,",,""Flag, Blue"",""user"",,,,,,,,,,,SymbolAndName,,,2023-06-17T13:58:39Z,"
217,25.047194575890899,-80.465960819274187,0,2021-09-02T11:27:17Z,NA,NA,Rodriguez Key,NA,",,""Flag, Blue"",""user"",,,,,,,,,,,SymbolAndName,,,2021-09-02T11:27:17Z,"
218,24.980649976059794,-80.43883329257369,0,2021-09-02T11:27:17Z,NA,NA,RR Tavernier nursery,NA,",,""Flag, Blue"",""user"",,,,,,,,,,,SymbolAndName,,,2021-09-02T11:27:17Z,"
219,25.70032998919487,-80.096879974007607,0,2021-09-02T11:27:17Z,NA,NA,S1,"<html xmlns:fo=http://www.w3.org/1999/XSL/Format xmlns:msxsl=urn:schemas-microsoft-com:xslt>

<head>

<META http-equiv=Content-Type content=text/html>

<meta http-equiv=content-type content=text/html; charset=UTF-8>

</head>

<body style=margin:0px 0px 0px 0px;overflow:auto;background:#FFFFFF;>

<table style=font-family:Arial","Verdana,Times;font-size:12px;text-align:left;width:100%;border-collapse:collapse;padding:3px 3px 3px 3px"">"
220,24.624914964661002,-82.828094959259033,0,2023-06-17T13:58:39Z,NA,NA,S1208,NA,",,""Flag, Blue"",""user"",,,,,,,,,,,SymbolAndName,,,2023-06-17T13:58:39Z,"
221,24.711745027452707,-82.857624990865588,0,2023-06-17T13:58:39Z,NA,NA,S1226,NA,",,""Flag, Blue"",""user"",,,,,,,,,,,SymbolAndName,,,2023-06-17T13:58:39Z,"
222,24.673929987475276,-82.886350024491549,0,2023-06-17T13:58:39Z,NA,NA,S1254,NA,",,""Flag, Blue"",""user"",,,,,,,,,,,SymbolAndName,,,2023-06-17T13:58:39Z,"
223,25.690779983997345,-80.097580030560493,0,2021-09-02T11:27:17Z,NA,NA,S2,"<html xmlns:fo=http://www.w3.org/1999/XSL/Format xmlns:msxsl=urn:schemas-microsoft-com:xslt>

<head>

<META http-equiv=Content-Type content=text/html>

<meta http-equiv=content-type content=text/html; charset=UTF-8>

</head>

<body style=margin:0px 0px 0px 0px;overflow:auto;background:#FFFFFF;>

<table style=font-family:Arial","Verdana,Times;font-size:12px;text-align:left;width:100%;border-collapse:collapse;padding:3px 3px 3px 3px"">"
224,25.686042029410601,-80.097362017259002,0,2021-09-02T11:27:17Z,NA,NA,S3,"<html xmlns:fo=http://www.w3.org/1999/XSL/Format xmlns:msxsl=urn:schemas-microsoft-com:xslt>

<head>

<META http-equiv=Content-Type content=text/html>

<meta http-equiv=content-type content=text/html; charset=UTF-8>

</head>

<body style=margin:0px 0px 0px 0px;overflow:auto;background:#FFFFFF;>

<table style=font-family:Arial","Verdana,Times;font-size:12px;text-align:left;width:100%;border-collapse:collapse;padding:3px 3px 3px 3px"">"
225,25.67849999293685,-80.118599999696016,0,2021-09-02T11:27:17Z,NA,NA,S4,"<html xmlns:fo=http://www.w3.org/1999/XSL/Format xmlns:msxsl=urn:schemas-microsoft-com:xslt>

<head>

<META http-equiv=Content-Type content=text/html>

<meta http-equiv=content-type content=text/html; charset=UTF-8>

</head>

<body style=margin:0px 0px 0px 0px;overflow:auto;background:#FFFFFF;>

<table style=font-family:Arial","Verdana,Times;font-size:12px;text-align:left;width:100%;border-collapse:collapse;padding:3px 3px 3px 3px"">"
226,25.674899965524673,-80.098416628316045,0,2021-09-02T11:27:17Z,NA,NA,S5,"<html xmlns:fo=http://www.w3.org/1999/XSL/Format xmlns:msxsl=urn:schemas-microsoft-com:xslt>

<head>

<META http-equiv=Content-Type content=text/html>

<meta http-equiv=content-type content=text/html; charset=UTF-8>

</head>

<body style=margin:0px 0px 0px 0px;overflow:auto;background:#FFFFFF;>

<table style=font-family:Arial","Verdana,Times;font-size:12px;text-align:left;width:100%;border-collapse:collapse;padding:3px 3px 3px 3px"">"
227,25.668220007792115,-80.098740002140403,0,2021-09-02T11:27:17Z,NA,NA,S6,"<html xmlns:fo=http://www.w3.org/1999/XSL/Format xmlns:msxsl=urn:schemas-microsoft-com:xslt>

<head>

<META http-equiv=Content-Type content=text/html>

<meta http-equiv=content-type content=text/html; charset=UTF-8>

</head>

<body style=margin:0px 0px 0px 0px;overflow:auto;background:#FFFFFF;>

<table style=font-family:Arial","Verdana,Times;font-size:12px;text-align:left;width:100%;border-collapse:collapse;padding:3px 3px 3px 3px"">"
228,25.013269996270537,-80.374860009178519,20.034067,2022-05-11T22:53:10Z,NA,NA,SW CONCH,NA,",,""Flag, Blue"",""user"",,,,,,,,,,,SymbolAndName,,,2022-05-11T22:53:10Z,"
229,24.703339990228415,-82.859570011496544,0,2023-06-17T13:58:39Z,NA,NA,T1247,NA,",,""Flag, Blue"",""user"",,,,,,,,,,,SymbolAndName,,,2023-06-17T13:58:39Z,"
230,24.71342165954411,-82.828405005857348,0,2023-06-17T13:58:39Z,NA,NA,T1269,NA,",,""Flag, Blue"",""user"",,,,,,,,,,,SymbolAndName,,,2023-06-17T13:58:39Z,"
231,24.591594384983182,-82.896736040711403,0,2023-06-17T13:58:39Z,NA,NA,T2253,NA,",,""Flag, Blue"",""user"",,,,,,,,,,,SymbolAndName,,,2023-06-17T13:58:39Z,"
232,24.673179974779487,-82.822110028937459,0,2023-06-17T13:58:39Z,NA,NA,T3013,NA,",,""Flag, Blue"",""user"",,,,,,,,,,,SymbolAndName,,,2023-06-17T13:58:39Z,"
233,24.697239976376295,-82.886150032281876,0,2023-06-17T13:58:39Z,NA,NA,T3021,NA,",,""Flag, Blue"",""user"",,,,,,,,,,,SymbolAndName,,,2023-06-17T13:58:39Z,"
234,24.608869990333915,-82.949483022093773,NA,2023-06-22T11:07:17Z,NA,NA,The Maze,NA,",,""Flag, Blue"",""user"",,,,,,,,,,,SymbolAndName,,,2023-06-22T11:07:17Z,"
235,24.627329958602786,-82.810820024460554,0,2023-06-17T13:58:39Z,NA,NA,U1029-2,NA,",,""Flag, Blue"",""user"",,,,,,,,,,,SymbolAndName,,,2023-06-17T13:58:39Z,"
236,24.652220020070672,-82.812700001522899,0,2023-06-17T13:58:39Z,NA,NA,U1465,NA,",,""Flag, Blue"",""user"",,,,,,,,,,,SymbolAndName,,,2023-06-17T13:58:39Z,"
237,24.688030024990439,-82.772850003093481,0,2023-06-17T13:58:39Z,NA,NA,U3026-2,NA,",,""Flag, Blue"",""user"",,,,,,,,,,,SymbolAndName,,,2023-06-17T13:58:39Z,"
238,25.676261018961668,-80.098680574446917,0,2021-09-02T11:27:17Z,NA,NA,UM coral nursery,NA,",,""Flag, Blue"",""user"",,,,,,,,,,,SymbolAndName,,,2021-09-02T11:27:17Z,"
239,24.698898000642657,-82.778532011434436,0,2023-06-17T13:58:39Z,NA,NA,V1501,NA,",,""Flag, Blue"",""user"",,,,,,,,,,,SymbolAndName,,,2023-06-17T13:58:39Z,"
240,24.583649011328816,-82.900318969041109,0,2023-06-17T13:58:39Z,NA,NA,V1509,NA,",,""Flag, Blue"",""user"",,,,,,,,,,,SymbolAndName,,,2023-06-17T13:58:39Z,"
241,24.718656996265054,-82.824774971231818,0,2023-06-17T13:58:39Z,NA,NA,V1517,NA,",,""Flag, Blue"",""user"",,,,,,,,,,,SymbolAndName,,,2023-06-17T13:58:39Z,"
242,24.666259959340096,-82.789925029501319,0,2023-06-17T13:58:39Z,NA,NA,V1523,NA,",,""Flag, Blue"",""user"",,,,,,,,,,,SymbolAndName,,,2023-06-17T13:58:39Z,"
243,24.611552031710744,-82.871113987639546,0,2023-06-17T13:58:39Z,NA,NA,V1524,NA,",,""Flag, Blue"",""user"",,,,,,,,,,,SymbolAndName,,,2023-06-17T13:58:39Z,"
244,24.601089991629124,-82.948474008589983,0,2023-06-17T13:58:39Z,NA,NA,V1548,NA,",,""Flag, Blue"",""user"",,,,,,,,,,,SymbolAndName,,,2023-06-17T13:58:39Z,"
245,24.587879022583365,-82.887053014710546,0,2023-06-17T13:58:39Z,NA,NA,V2510,NA,",,""Flag, Blue"",""user"",,,,,,,,,,,SymbolAndName,,,2023-06-17T13:58:39Z,"
246,24.648104002699256,-82.87215200252831,0,2023-06-17T13:58:39Z,NA,NA,V2526,NA,",,""Flag, Blue"",""user"",,,,,,,,,,,SymbolAndName,,,2023-06-17T13:58:39Z,"
247,24.452732987701893,-81.726566702127457,0,2021-09-02T11:27:17Z,NA,NA,Vandenburg,NA,",,""Flag, Blue"",""user"",,,,,,,,,,,SymbolAndName,,,2021-09-02T11:27:17Z,"
248,25.044780001044273,-80.369679993018508,3.382403,2022-05-12T22:44:35Z,NA,NA,W B NORTH,NA,",,""Flag, Blue"",""user"",,,,,,,,,,,SymbolAndName,,,2022-05-12T22:44:35Z,"
249,25.044550001621246,-80.696129975840449,3.350461,2022-05-12T22:41:57Z,NA,NA,WHITE B N,NA,",,""Flag, Blue"",""user"",,,,,,,,,,,SymbolAndName,,,2022-05-12T22:41:57Z,"
250,25.044189998880029,-80.368509963154793,-1.374006,2022-05-07T23:16:34Z,NA,NA,WHITE BANK,NA,",,""Flag, Blue"",""user"",,,,,,,,,,,SymbolAndName,,,2022-05-07T23:16:34Z,"
251,25.040180012583733,-80.371370036154985,-1.374006,2022-05-07T23:18:44Z,NA,NA,WHITE BSW,NA,",,""Flag, Blue"",""user"",,,,,,,,,,,SymbolAndName,,,2022-05-07T23:18:44Z,"
252,24.623600011691451,-82.942899959161878,NA,2023-06-22T11:09:05Z,NA,NA,Windjammer,NA,",,""Flag, Blue"",""user"",,,,,,,,,,,SymbolAndName,,,2023-06-22T11:09:05Z,"
253,25.045179985463619,-80.395040027797222,-2.538898,2022-05-07T23:21:53Z,NA,NA,WOLF REEF,NA,",,""Flag, Blue"",""user"",,,,,,,,,,,SymbolAndName,,,2022-05-07T23:21:53Z,"
